topic_id,term,weight,num_publications_in_topic
0,screen,0.08521855,75
0,pubertal,0.05627902,75
0,medium,0.04469059,75
0,video,0.02525015,75
0,girl,0.022045158,75
0,puberty,0.020947488,75
0,boy,0.019597841,75
0,timing,0.01814343,75
0,game,0.0174968,75
0,sma,0.015553288,75
0,stage,0.012214319,75
0,spend,0.010801101,75
0,problematic,0.009434118,75
0,digital,0.008785961,75
0,usage,0.008263271,75
0,maturation,0.007656989,75
0,pds,0.007031872,75
0,hormone,0.007023975,75
0,phone,0.0065406086,75
0,app,0.006275454,75
0,addiction,0.006272042,75
0,smartphone,0.005917555,75
0,brainage,0.005478126,75
0,content,0.0051245973,75
0,technology,0.0043765483,75
0,mobile,0.004301466,75
0,engagement,0.0041336827,75
0,passive,0.004073782,75
0,recreational,0.0036167267,75
0,gap,0.0034625276,75
0,weekday,0.0032476233,75
0,engage,0.003242092,75
0,typical,0.003108547,75
0,objective,0.0029305473,75
0,salivary,0.002900497,75
0,behaviour,0.0028778217,75
0,sense,0.002798413,75
0,screentime,0.0027824605,75
0,reproductive,0.0027246305,75
0,testosterone,0.0026356864,75
0,chat,0.0025135083,75
0,platform,0.0024508557,75
0,texte,0.0024319296,75
0,tempo,0.0023590608,75
0,menstrual,0.0023535544,75
0,bagot,0.002320283,75
0,ask,0.0022167547,75
0,pediatr,0.0021628316,75
0,approval,0.0021440664,75
0,nagata,0.0021290814,75
0,sociodemographic,0.0021233077,75
0,electronic,0.002101038,75
0,happiness,0.0020953733,75
0,depressive,0.002024818,75
0,date,0.0020039186,75
0,chronological,0.0019702062,75
0,computer,0.0019653765,75
0,hormonal,0.0019644282,75
0,internalise,0.0019641188,75
0,socialize,0.0019397173,75
0,herting,0.0019228621,75
0,hair,0.0019129872,75
0,music,0.001882628,75
0,perceive,0.0018361803,75
0,stream,0.0017885611,75
0,dahl,0.0017753695,75
0,confounder,0.0017704165,75
0,youtube,0.0017465961,75
0,begin,0.0017210367,75
0,viewing,0.0017208691,75
0,contemporary,0.0017164724,75
0,texting,0.0017002879,75
0,teen,0.0016458667,75
0,mill,0.0016383474,75
0,media,0.0016057118,75
0,ear,0.0016012386,75
0,dhea,0.001593692,75
0,habit,0.0015874652,75
0,tanner,0.0015317482,75
0,census,0.0015032882,75
0,player,0.0014838952,75
0,become,0.0014795064,75
0,psychosocial,0.0014510027,75
0,sedentary,0.0014384454,75
0,concern,0.0014158149,75
0,much,0.0013747152,75
0,streaming,0.0013656738,75
0,petersen,0.0013527573,75
0,stratify,0.0013399115,75
0,irb,0.0013264625,75
0,start,0.0013225125,75
0,active,0.0013181616,75
0,novel,0.001317832,75
0,amount,0.0013021524,75
0,boxer,0.001296409,75
0,cycle,0.0012885613,75
0,aging,0.001269959,75
0,later,0.0012619793,75
0,excessive,0.0012450605,75
0,emit,0.0012416802,75
1,peer,0.025289074,94
1,rule,0.016708376,94
1,victimization,0.014114651,94
1,prosocial,0.011266549,94
1,creative,0.010958097,94
1,odd,0.010752881,94
1,applicable,0.00978119,94
1,govern,0.009251825,94
1,emotion,0.0070263166,94
1,bully,0.006884846,94
1,aggression,0.0063060457,94
1,sociodemographic,0.0053945486,94
1,regulation,0.0052007833,94
1,transgender,0.0051505873,94
1,feel,0.0047898954,94
1,student,0.0046646628,94
1,caregiver,0.004411212,94
1,parenting,0.004401958,94
1,person,0.0043347343,94
1,adole,0.004071064,94
1,protective,0.0038569733,94
1,cent,0.0038420889,94
1,break,0.0037218104,94
1,ask,0.0037130942,94
1,acceptance,0.0036881564,94
1,care,0.003636456,94
1,girl,0.003617545,94
1,difficulty,0.003557981,94
1,bullying,0.0034626613,94
1,worry,0.003459502,94
1,monitor,0.0033766483,94
1,involvement,0.0032747264,94
1,acamh,0.003205937,94
1,subsequent,0.00284243,94
1,boy,0.002830344,94
1,prevention,0.0027012522,94
1,logistic,0.0025360596,94
1,depressive,0.0023569048,94
1,program,0.0023157492,94
1,feeling,0.002315135,94
1,relational,0.0023086846,94
1,agreement,0.0022433961,94
1,causal,0.0022426483,94
1,moderation,0.0022217126,94
1,teacher,0.0021938253,94
1,perception,0.0021818643,94
1,home,0.0021745574,94
1,cod,0.002160711,94
1,course,0.0021359138,94
1,college,0.0020692826,94
1,aggressive,0.0020543933,94
1,cyberbullying,0.0020451224,94
1,approval,0.0020119094,94
1,engage,0.0020092148,94
1,expression,0.001996131,94
1,respond,0.0019640597,94
1,ity,0.0019319813,94
1,internal,0.001919828,94
1,bisexual,0.0019130688,94
1,perpetration,0.0019098365,94
1,academic,0.0019032408,94
1,descriptive,0.0019021992,94
1,maladaptive,0.0018942602,94
1,perceive,0.001873451,94
1,cop,0.0018705314,94
1,lescent,0.0018493728,94
1,affiliation,0.0018328174,94
1,adjustment,0.0018175315,94
1,animal,0.0018167674,94
1,ate,0.0018091068,94
1,secondary,0.001806623,94
1,mood,0.001766706,94
1,binary,0.0017626198,94
1,behav,0.0017503072,94
1,recruitment,0.0017420626,94
1,affective,0.0017332043,94
1,engagement,0.0017241996,94
1,violence,0.0017239922,94
1,ownership,0.0017174019,94
1,ior,0.0017129323,94
1,presence,0.0016984191,94
1,friendship,0.0016856579,94
1,sampling,0.0016815623,94
1,statement,0.0016776365,94
1,reporting,0.001675106,94
1,press,0.001670638,94
1,delinquency,0.0016631462,94
1,administer,0.001661237,94
1,answer,0.0016569976,94
1,get,0.0016044223,94
1,promote,0.0015848209,94
1,der,0.0015762419,94
1,identity,0.0015714669,94
1,victim,0.0015568462,94
1,people,0.0015490239,94
1,medium,0.001548242,94
1,guardian,0.0015460945,94
1,epidemiology,0.0015299016,94
1,likert,0.0015271509,94
1,impulse,0.0015245754,94
2,covid,0.09045537,37
2,obesity,0.08306594,37
2,pandemic,0.064245574,37
2,bmi,0.059607003,37
2,overweight,0.020641219,37
2,food,0.017203229,37
2,diet,0.016511204,37
2,intake,0.014090666,37
2,gain,0.013064472,37
2,height,0.013055027,37
2,waist,0.010744432,37
2,fat,0.010493375,37
2,adiposity,0.010072713,37
2,percentile,0.009930945,37
2,dietary,0.009193582,37
2,mass,0.008903854,37
2,nutrition,0.008576679,37
2,obese,0.008547558,37
2,obe,0.008124876,37
2,sadness,0.00628428,37
2,exercise,0.0062360824,37
2,consumption,0.0058353925,37
2,caregiver,0.005690473,37
2,sedentary,0.005552234,37
2,adherence,0.0053193155,37
2,pediatr,0.0052519296,37
2,vigorous,0.0052471356,37
2,normal,0.005003797,37
2,wage,0.004707548,37
2,lifestyle,0.004673259,37
2,prevention,0.0046102847,37
2,hypothalamic,0.004503425,37
2,policy,0.0043272404,37
2,lockdown,0.003808745,37
2,sport,0.0037911925,37
2,diabete,0.0037792595,37
2,closure,0.003763829,37
2,circumference,0.003755897,37
2,inflammation,0.0036807857,37
2,anthropometric,0.0036073427,37
2,sugar,0.0036053055,37
2,infection,0.0034507213,37
2,underweight,0.0033665986,37
2,growth,0.003339858,37
2,wear,0.0032779598,37
2,stressor,0.0031871316,37
2,disruption,0.0031829644,37
2,continuous,0.0031520287,37
2,beverage,0.0030621476,37
2,cardiometabolic,0.0029837491,37
2,restriction,0.0029795459,37
2,cdc,0.0029469826,37
2,intensity,0.0029174683,37
2,promote,0.0028962856,37
2,consume,0.002888715,37
2,spring,0.002864785,37
2,fitness,0.002859529,37
2,sociodemographic,0.0028527426,37
2,neuroinflammation,0.002807818,37
2,home,0.002806604,37
2,oby,0.0027828824,37
2,metabolic,0.0027519963,37
2,summer,0.0026313358,37
2,economic,0.0025564006,37
2,induce,0.002555673,37
2,coronavirus,0.0025400016,37
2,percentage,0.0025141616,37
2,appetite,0.0024831402,37
2,walk,0.0024398707,37
2,demic,0.0023875532,37
2,girl,0.0023817066,37
2,animal,0.002352851,37
2,academic,0.0023356965,37
2,chart,0.002330139,37
2,consequence,0.002237622,37
2,composition,0.0022103887,37
2,mdr,0.002185404,37
2,unhealthy,0.0021752361,37
2,cop,0.002121755,37
2,act,0.002105665,37
2,death,0.0021029292,37
2,physicalactivity,0.0020462768,37
2,rapid,0.0020425632,37
2,burden,0.0019347145,37
2,rrr,0.0019124281,37
2,nutrient,0.0018913681,37
2,vegetable,0.0018901184,37
2,adise,0.0018891171,37
2,irb,0.0018830423,37
2,fruit,0.0018673163,37
2,employment,0.0018656832,37
2,silver,0.0018504094,37
2,routine,0.0018329646,37
2,saturate,0.0018109368,37
2,protective,0.0018040745,37
2,program,0.0017971299,37
2,international,0.0017904211,37
2,enrol,0.0017852602,37
2,people,0.0017771657,37
2,active,0.0017611363,37
3,propose,0.0061397622,150
3,fmri,0.004812329,150
3,signal,0.0047138208,150
3,growth,0.0041584196,150
3,replication,0.0039476543,150
3,medical,0.0036811256,150
3,lifespan,0.0035757627,150
3,stage,0.0034946273,150
3,normative,0.00303935,150
3,patient,0.0028811023,150
3,thickness,0.0028690912,150
3,confound,0.0027031435,150
3,absolute,0.0025717844,150
3,median,0.0025428631,150
3,tool,0.0025402033,150
3,univariate,0.0025118736,150
3,output,0.0024964882,150
3,denote,0.002461627,150
3,computational,0.0024539465,150
3,rank,0.0024509148,150
3,raw,0.0024389115,150
3,visualization,0.0024008518,150
3,assume,0.0023277362,150
3,shape,0.0023261018,150
3,nonlinear,0.002318158,150
3,principal,0.0022818628,150
3,produce,0.0022766953,150
3,sampling,0.0022744022,150
3,methodology,0.002220995,150
3,null,0.002211078,150
3,illustrate,0.0022054035,150
3,log,0.0022038573,150
3,maximum,0.00218965,150
3,researcher,0.0021718969,150
3,complexity,0.002155779,150
3,label,0.0021420184,150
3,introduce,0.0021347394,150
3,validate,0.002109968,150
3,residual,0.0020916099,150
3,precision,0.00208996,150
3,overlap,0.0020885624,150
3,panel,0.002071858,150
3,choose,0.0020612476,150
3,biomarker,0.002042411,150
3,incorporate,0.0020400204,150
3,normal,0.0020378956,150
3,exhibit,0.0019978343,150
3,simulation,0.0019931274,150
3,posterior,0.0019928077,150
3,enable,0.0019835047,150
3,basis,0.0019751347,150
3,location,0.0019663596,150
3,pearson,0.0019461139,150
3,reduction,0.0019432798,150
3,subset,0.0019364373,150
3,distribute,0.0019309202,150
3,identification,0.001911453,150
3,transform,0.0019086327,150
3,template,0.0018960247,150
3,leverage,0.0018796886,150
3,optimal,0.0018578318,150
3,magnetic,0.0018502936,150
3,detection,0.00184782,150
3,instance,0.0018049261,150
3,mse,0.0018031881,150
3,anatomical,0.0018014834,150
3,resonance,0.0017910162,150
3,file,0.0017651963,150
3,comparable,0.0017516105,150
3,standardized,0.0017464707,150
3,ground,0.0017443241,150
3,empirical,0.0017358674,150
3,consistency,0.001733984,150
3,blue,0.0017200194,150
3,end,0.0017027282,150
3,optimize,0.001685539,150
3,setting,0.0016822879,150
3,accurate,0.0016808764,150
3,effective,0.0016758689,150
3,build,0.0016754474,150
3,inter,0.0016686968,150
3,reliable,0.0016604456,150
3,advance,0.0016549669,150
3,subsample,0.0016495159,150
3,reproducibility,0.0016412167,150
3,novel,0.0016410288,150
3,efficient,0.0016374837,150
3,compete,0.0016121807,150
3,consist,0.0016039034,150
3,depend,0.0015994183,150
3,integrate,0.0015993097,150
3,iteration,0.0015899701,150
3,sparse,0.0015890406,150
3,red,0.0015835505,150
3,covariance,0.0015696348,150
3,actual,0.0015688732,150
3,advantage,0.001568704,150
3,bootstrap,0.0015561343,150
3,reproducible,0.0015400527,150
3,smooth,0.001531784,150
4,neighborhood,0.046890654,107
4,adversity,0.028415378,107
4,deprivation,0.023092756,107
4,caregiver,0.017503466,107
4,poverty,0.017147657,107
4,externalize,0.015265423,107
4,threat,0.013845478,107
4,disadvantage,0.010740783,107
4,adverse,0.008023676,107
4,event,0.0075832834,107
4,safety,0.0074502174,107
4,violence,0.0074458024,107
4,pollution,0.007296409,107
4,air,0.0072254864,107
4,economic,0.0070533585,107
4,warmth,0.006989172,107
4,adi,0.0068502617,107
4,perceive,0.0065480913,107
4,crime,0.006331925,107
4,live,0.0062969616,107
4,educational,0.0062018903,107
4,academic,0.005910382,107
4,stressor,0.005589772,107
4,protective,0.00554903,107
4,abuse,0.0052633123,107
4,cumulative,0.0051567364,107
4,dimension,0.005066208,107
4,parenting,0.005063657,107
4,latent,0.004941771,107
4,trauma,0.0049213106,107
4,resilience,0.0044791335,107
4,home,0.0041613705,107
4,urban,0.0040848074,107
4,expose,0.003897605,107
4,policy,0.0035435052,107
4,neglect,0.0034026774,107
4,grade,0.0033492118,107
4,census,0.003177984,107
4,proximal,0.0031568182,107
4,acceptance,0.0030553308,107
4,psychosocial,0.0028951098,107
4,neurodevelopment,0.0027967994,107
4,maltreatment,0.002730081,107
4,residential,0.0026966312,107
4,achievement,0.0026457955,107
4,attainment,0.002520651,107
4,stressful,0.0025154501,107
4,differential,0.0025066517,107
4,systemic,0.0024779276,107
4,concentration,0.0024546338,107
4,hardship,0.0023147531,107
4,density,0.0023052448,107
4,disparity,0.0022597853,107
4,transition,0.0022095966,107
4,pathway,0.0021832942,107
4,interpersonal,0.0021652232,107
4,stimulation,0.0021465654,107
4,perception,0.0021373814,107
4,objective,0.0021230904,107
4,envi,0.002114728,107
4,build,0.0021107013,107
4,discipline,0.0020926292,107
4,inequality,0.0020905181,107
4,supportive,0.0020830152,107
4,adjustment,0.0020713462,107
4,moderation,0.0020664358,107
4,timing,0.0020549982,107
4,moderated,0.0020457758,107
4,pollutant,0.0020102095,107
4,press,0.0020003668,107
4,percentage,0.0019070029,107
4,ecological,0.0019039625,107
4,urbanicity,0.0018981459,107
4,benefit,0.0018932369,107
4,exploratory,0.0018923937,107
4,profile,0.0018892237,107
4,ses,0.0018872882,107
4,ser,0.0018416238,107
4,neighbourhood,0.0018350813,107
4,consequence,0.001830076,107
4,particulate,0.0018211262,107
4,promote,0.0018201121,107
4,environ,0.0017789232,107
4,hood,0.0017625527,107
4,housing,0.0017560425,107
4,incarceration,0.0017413055,107
4,culture,0.0017320687,107
4,sensitive,0.0017156142,107
4,moo,0.0016862956,107
4,whittle,0.0016793665,107
4,aspect,0.0016578613,107
4,methodology,0.001653994,107
4,safe,0.0016461188,107
4,criminal,0.0016424991,107
4,care,0.0016401784,107
4,traffic,0.001622556,107
4,chronic,0.0016224015,107
4,functioning,0.0016106472,107
4,arrest,0.0016062511,107
4,tract,0.0015919079,107
5,discrimination,0.06795788,50
5,racial,0.06731585,50
5,ethnic,0.06449113,50
5,sexual,0.037645385,50
5,minority,0.034304466,50
5,identity,0.03417513,50
5,latinx,0.022973038,50
5,racism,0.022286551,50
5,disparity,0.02103666,50
5,cultural,0.019481428,50
5,orientation,0.018563913,50
5,american,0.018315839,50
5,perceive,0.011941737,50
5,diversity,0.010831682,50
5,stigma,0.009370056,50
5,culture,0.009356422,50
5,acculturation,0.008464966,50
5,multiracial,0.007133566,50
5,native,0.0070123044,50
5,teacher,0.0068482864,50
5,policy,0.006739788,50
5,immigrant,0.0064487285,50
5,externalize,0.0061680037,50
5,african,0.0060677202,50
5,student,0.0057363817,50
5,religiosity,0.005702892,50
5,stressor,0.005437414,50
5,latino,0.0054050446,50
5,interpersonal,0.0053082397,50
5,minoritized,0.0051629324,50
5,protective,0.005141754,50
5,religion,0.005080269,50
5,religious,0.0046592327,50
5,people,0.004572584,50
5,anti,0.0044676065,50
5,color,0.0040791156,50
5,belief,0.003867802,50
5,heritage,0.0036061383,50
5,concordance,0.003489086,50
5,inequity,0.0032605736,50
5,feel,0.003168693,50
5,girl,0.0030803706,50
5,marginalize,0.0029585802,50
5,origin,0.0029021446,50
5,implicit,0.0028639813,50
5,face,0.0028222003,50
5,live,0.0027611507,50
5,lgb,0.0025832218,50
5,systemic,0.0025174678,50
5,minoritize,0.0025139083,50
5,diminish,0.0025065758,50
5,boy,0.0024930825,50
5,attitude,0.0024651089,50
5,intersectionality,0.0024101376,50
5,sociocultural,0.0023723724,50
5,return,0.0023489792,50
5,identification,0.0022832088,50
5,inequality,0.0022444718,50
5,soc,0.0021919003,50
5,intersectional,0.0021594784,50
5,mexican,0.0020623,50
5,marginalized,0.002059556,50
5,ask,0.0020384295,50
5,date,0.0020376109,50
5,european,0.00202402,50
5,immigration,0.0020238142,50
5,cod,0.0020211174,50
5,census,0.0019807972,50
5,sociodemographic,0.0019669302,50
5,socialization,0.0019608813,50
5,affiliation,0.0019561148,50
5,prejudice,0.001945994,50
5,nation,0.00191946,50
5,determinant,0.0018972078,50
5,stereotype,0.0018632368,50
5,country,0.0018623128,50
5,bazargan,0.0018539855,50
5,educational,0.0017810535,50
5,warmth,0.0017646374,50
5,option,0.0017616763,50
5,societal,0.0017573319,50
5,care,0.0017386669,50
5,stratification,0.0016820322,50
5,respond,0.0016428567,50
5,woman,0.0016387494,50
5,proof,0.0016124591,50
5,skin,0.0016092702,50
5,taylor,0.0016067701,50
5,intersection,0.0016065862,50
5,editor,0.0016021424,50
5,inclusive,0.0015652811,50
5,stigmatize,0.001556498,50
5,resilience,0.0015155086,50
5,racialdiscrimination,0.0015061435,50
5,advance,0.00150083,50
5,crimination,0.0014821822,50
5,disproportionate,0.001469257,50
5,belong,0.0014507832,50
5,counterpart,0.0014490478,50
5,concern,0.0014207549,50
6,alcohol,0.11770031,65
6,cannabis,0.042977303,65
6,impulsivity,0.0402429,65
6,drug,0.034676205,65
6,sip,0.029572273,65
6,urgency,0.020303898,65
6,seek,0.018483467,65
6,sensation,0.018200792,65
6,tobacco,0.01765782,65
6,hair,0.016640708,65
6,initiation,0.014079325,65
6,drink,0.013230499,65
6,nicotine,0.012089554,65
6,upps,0.009554159,65
6,cigarette,0.008474296,65
6,personality,0.008394928,65
6,expectancy,0.0078702895,65
6,impulsive,0.007766698,65
6,dependence,0.007762919,65
6,drinking,0.0075905095,65
6,perseverance,0.0072376267,65
6,abuse,0.00697971,65
6,externalize,0.0064917686,65
6,product,0.006240991,65
6,addiction,0.006197886,65
6,experimentation,0.006148177,65
6,curiosity,0.005940082,65
6,consumption,0.0058215307,65
6,premeditation,0.0057383385,65
6,misuse,0.005130296,65
6,religious,0.0051019285,65
6,smoking,0.0047098356,65
6,smoke,0.0047081797,65
6,lifetime,0.004674527,65
6,dual,0.0046118326,65
6,peer,0.0045725214,65
6,sociodemographic,0.004529173,65
6,try,0.004499782,65
6,impulse,0.004126018,65
6,cannabinoid,0.0039568646,65
6,problematic,0.0038613074,65
6,thc,0.003709869,65
6,depend,0.0037066797,65
6,cbd,0.003640159,65
6,seeking,0.003613443,65
6,odd,0.0033837217,65
6,alcoholism,0.0033823366,65
6,puff,0.0033494206,65
6,toxicology,0.0033339416,65
6,perceive,0.003254063,65
6,trait,0.0031021673,65
6,prevention,0.0030825408,65
6,risky,0.002903375,65
6,ask,0.002810409,65
6,addictive,0.002778994,65
6,fun,0.00273629,65
6,inhibition,0.0025433607,65
6,stance,0.0025421628,65
6,concentration,0.002509939,65
6,initiate,0.0024920518,65
6,sud,0.0024626255,65
6,consequence,0.0024265111,65
6,interview,0.0024092642,65
6,overview,0.0023892776,65
6,recreational,0.0023419918,65
6,cocaine,0.0022797645,65
6,college,0.00224336,65
6,heavy,0.0022351348,65
6,prescription,0.002214167,65
6,lisdahl,0.0021469237,65
6,addict,0.0021232432,65
6,medical,0.002113407,65
6,imbalance,0.002113377,65
6,bis,0.0020811476,65
6,susceptibility,0.0020677655,65
6,marital,0.002060847,65
6,restriction,0.0020223835,65
6,intention,0.0020109033,65
6,person,0.001972048,65
6,sher,0.0019052313,65
6,consume,0.0018585015,65
6,facet,0.0018331105,65
6,continuous,0.0018256098,65
6,opioid,0.0018205607,65
6,monitor,0.0018192646,65
6,cyder,0.0018183131,65
6,vaping,0.0017064608,65
6,familiarity,0.0017045392,65
6,harm,0.0016562493,65
6,illicit,0.0016119312,65
6,examination,0.0016050106,65
6,attitude,0.0015989247,65
6,logistic,0.0015905915,65
6,experimental,0.0015601526,65
6,vulnerability,0.0015059536,65
6,presence,0.0014961414,65
6,subsequent,0.0014929736,65
6,tendency,0.0014900004,65
6,aspect,0.0014897733,65
6,later,0.0014868593,65
7,prenatal,0.05187803,49
7,pregnancy,0.037887994,49
7,maternal,0.036809433,49
7,language,0.027158918,49
7,thickness,0.021852273,49
7,preterm,0.01952829,49
7,mother,0.01673279,49
7,bilingual,0.015047786,49
7,surface,0.014613908,49
7,caffeine,0.014330375,49
7,offspring,0.014294726,49
7,gestational,0.012663676,49
7,asymmetry,0.011655276,49
7,expose,0.010973877,49
7,growth,0.010633051,49
7,fetal,0.009513921,49
7,twin,0.0087530175,49
7,perinatal,0.008597801,49
7,breastfeed,0.0077481084,49
7,english,0.007401869,49
7,gps,0.0069794552,49
7,tobacco,0.0069172843,49
7,vocabulary,0.006880336,49
7,complication,0.0066316854,49
7,infant,0.006419883,49
7,morphometric,0.0058657476,49
7,singleton,0.005610916,49
7,pregnant,0.0049986634,49
7,confound,0.0048050596,49
7,paternal,0.0047048144,49
7,alcohol,0.004628849,49
7,woman,0.00445173,49
7,morphology,0.004424053,49
7,handedness,0.0043939156,49
7,frontal,0.0042032944,49
7,neurodevelopment,0.004024286,49
7,birthweight,0.0038892825,49
7,prematurity,0.0038058301,49
7,adverse,0.0037780986,49
7,delivery,0.0036903096,49
7,medical,0.0035491944,49
7,syndrome,0.0033921949,49
7,postnatal,0.0033773184,49
7,neurodevelopmental,0.0033256633,49
7,entorhinal,0.0032849081,49
7,gestation,0.0031717652,49
7,pathway,0.0031286788,49
7,thinning,0.003021273,49
7,compartment,0.0029857159,49
7,superior,0.002940431,49
7,hemisphere,0.0029094692,49
7,cannabis,0.0028461537,49
7,alter,0.0028351105,49
7,sibling,0.0027947885,49
7,dose,0.0027586482,49
7,unexposed,0.0027564992,49
7,hypertension,0.0027201874,49
7,speech,0.0027042916,49
7,depth,0.0026846996,49
7,retrospective,0.002640507,49
7,baby,0.0025402068,49
7,consumption,0.0025399216,49
7,milestone,0.0025335406,49
7,smoking,0.0025233044,49
7,premature,0.0025201975,49
7,cerebral,0.002396867,49
7,obstetric,0.0023494135,49
7,left,0.0023227036,49
7,parahippocampal,0.0022874824,49
7,neurocognitive,0.0022721845,49
7,occipital,0.0022666012,49
7,file,0.002222705,49
7,oral,0.0022199142,49
7,thin,0.002187549,49
7,neonatal,0.002167301,49
7,diabete,0.002145338,49
7,blood,0.0021237314,49
7,trimester,0.0021175805,49
7,animal,0.002098531,49
7,alteration,0.002086516,49
7,fdr,0.0020763653,49
7,sible,0.0019932657,49
7,behavioural,0.0019894247,49
7,infancy,0.0019864228,49
7,sulcal,0.001985859,49
7,severe,0.0019843287,49
7,hemispheric,0.0019709945,49
7,lateral,0.0019703105,49
7,gray,0.001965985,49
7,speak,0.0019530558,49
7,leftward,0.0019282936,49
7,behaviour,0.001918895,49
7,spectrum,0.001905522,49
7,confounder,0.0018998766,49
7,freesurfer,0.0018791873,49
7,thick,0.0018744502,49
7,laterality,0.0018177495,49
7,receptor,0.0017637993,49
7,lobe,0.0017419971,49
7,recall,0.0017184145,49
8,mediation,0.07254652,7
8,depressive,0.070275314,7
8,mediate,0.060895268,7
8,hippocampal,0.047653437,7
8,emotion,0.04684911,7
8,amygdala,0.04473739,7
8,indirect,0.038768552,7
8,regulation,0.023248596,7
8,pathway,0.020730138,7
8,mediator,0.019048702,7
8,hippocampus,0.013994956,7
8,vulnerability,0.013269673,7
8,receptor,0.012467416,7
8,stressful,0.011488834,7
8,left,0.011325723,7
8,reactivity,0.011044455,7
8,subregion,0.010042701,7
8,prefrontal,0.008161938,7
8,mediating,0.008127548,7
8,pubertal,0.0067481925,7
8,antidepressant,0.005960933,7
8,reduction,0.005689044,7
8,burden,0.005620898,7
8,affective,0.0053757103,7
8,puberty,0.005354799,7
8,maternal,0.005028245,7
8,alter,0.004896115,7
8,chronic,0.0046670893,7
8,alteration,0.0045379763,7
8,cogn,0.004461839,7
8,neurosci,0.0044119963,7
8,replicate,0.004403101,7
8,preadolescent,0.0043990496,7
8,patient,0.004297457,7
8,energy,0.0042361086,7
8,susceptibility,0.0042032525,7
8,specificity,0.0041967467,7
8,episode,0.0040981034,7
8,lifetime,0.004030774,7
8,implicate,0.0039914506,7
8,sensitive,0.0039137155,7
8,moderation,0.0038109291,7
8,lesion,0.0037675202,7
8,anterior,0.0037273332,7
8,rodent,0.0037075928,7
8,marker,0.0035930683,7
8,head,0.003535377,7
8,plasticity,0.003261931,7
8,induce,0.0032443164,7
8,posttraumatic,0.0032247568,7
8,resilience,0.003187762,7
8,fdr,0.0031872143,7
8,woman,0.003120308,7
8,moderator,0.0030895725,7
8,consequence,0.0030392497,7
8,turn,0.003029252,7
8,pituitary,0.0029883694,7
8,load,0.002987725,7
8,symptomatology,0.0029511673,7
8,event,0.002923004,7
8,extreme,0.0028571815,7
8,bilateral,0.0028396675,7
8,cortisol,0.0028260187,7
8,causal,0.0028023098,7
8,freesurfer,0.0027699345,7
8,neurogenesis,0.0027662744,7
8,intracranial,0.002699646,7
8,abnormality,0.0026299406,7
8,hypothalamic,0.0025863391,7
8,unclear,0.0025415565,7
8,rev,0.0025068873,7
8,adrenal,0.0024781737,7
8,confer,0.002463089,7
8,glucocorticoid,0.0024493118,7
8,neurobiological,0.0024316076,7
8,heat,0.0024304206,7
8,tail,0.0024039824,7
8,neurodevelopment,0.002378909,7
8,nest,0.0023117145,7
8,multilevel,0.002278065,7
8,stressor,0.0022706387,7
8,whittle,0.0022645537,7
8,depre,0.0020699254,7
8,allostatic,0.0020687869,7
8,conceptual,0.0020651508,7
8,directionality,0.0020627377,7
8,people,0.0020589149,7
8,undergo,0.0020246212,7
8,preadolescence,0.0020054926,7
8,interact,0.0019613844,7
8,serotonin,0.0019540412,7
8,hormone,0.0019303671,7
8,differential,0.0019130743,7
8,neuron,0.0018786417,7
8,hip,0.0018551971,7
8,hemisphere,0.0018136061,7
8,transl,0.0017956175,7
8,involvement,0.0017767947,7
8,heighten,0.0017258397,7
8,volumetric,0.0017024978,7
9,stop,0.048952825,58
9,trial,0.03494534,58
9,irritability,0.030322928,58
9,sst,0.025978638,58
9,inhibitory,0.024195772,58
9,ssrt,0.019079922,58
9,signal,0.01750557,58
9,inhibition,0.013283825,58
9,drift,0.010786743,58
9,stimulus,0.010576099,58
9,ssd,0.00703147,58
9,reaction,0.0067283316,58
9,workingmemory,0.0065295063,58
9,fail,0.0062381653,58
9,lcbc,0.0061505646,58
9,short,0.0058064074,58
9,independence,0.0056309137,58
9,activation,0.005261139,58
9,mentalhealth,0.0051138205,58
9,violation,0.0048483154,58
9,successful,0.0047669313,58
9,incorrect,0.004548865,58
9,logan,0.004540596,58
9,substanceuse,0.004481946,58
9,jamapsychiatry,0.003747953,58
9,allauthor,0.0036132005,58
9,failure,0.0036091045,58
9,devcogn,0.0035061422,58
9,yearsintoearlyadulthood,0.0034979484,58
9,physicalactivity,0.0034609023,58
9,familiarity,0.0034263523,58
9,slow,0.003413018,58
9,parentalmonitore,0.0033303811,58
9,internalizingproblem,0.003309804,58
9,departmentofpsychology,0.0032184932,58
9,trigger,0.0032162091,58
9,datarelease,0.0031729338,58
9,parenteducation,0.0031534743,58
9,datacuration,0.0031476226,58
9,standarddeviation,0.003099554,58
9,correctedp,0.0030949751,58
9,respond,0.0030630385,58
9,toourknowledge,0.0029612428,58
9,reviewandediting,0.002940935,58
9,supportinginformation,0.0029374803,58
9,psychiatryre,0.0029094554,58
9,speed,0.0028944653,58
9,originaldraft,0.0028826988,58
9,internalizingsymptom,0.0028613992,58
9,thoughtproblem,0.0028424226,58
9,parametric,0.0028184233,58
9,sdegree,0.002762578,58
9,sucha,0.0027554033,58
9,processingspeed,0.0027363922,58
9,translpsychiatry,0.0026792279,58
9,authoraffiliation,0.0026750497,58
9,inhibit,0.0026690722,58
9,inparticular,0.0026517767,58
9,studysite,0.0026304028,58
9,socialproblem,0.0026239725,58
9,weuse,0.0026120695,58
9,notapplicable,0.002567995,58
9,andsex,0.002556851,58
9,fischlb,0.0025516548,58
9,conflictofinterestdisclosure,0.002531491,58
9,standarderror,0.0025309895,58
9,theabcdstudy,0.0025205247,58
9,cannoniert,0.0025006607,58
9,orinterpretationofdata,0.0024836222,58
9,arrow,0.0024634432,58
9,andcognition,0.0024528028,58
9,andadolescent,0.0024203202,58
9,formalanalysis,0.0024156785,58
9,dataavailabilitystatement,0.0023868172,58
9,meanage,0.0023766945,58
9,duration,0.002352558,58
9,brown,0.0023518829,58
9,subsample,0.0023422926,58
9,aggressivebehavior,0.0023377668,58
9,asystematicreviewandmeta,0.0023146616,58
9,datasharingstatement,0.0023056685,58
9,psycholme,0.0023053235,58
9,cognitiveneuroscience,0.0022861687,58
9,feldsteinewe,0.0022807606,58
9,atage,0.0022726161,58
9,cov,0.0022465524,58
9,seesupplement,0.0022377088,58
9,additionalinformation,0.002220143,58
9,hatton,0.0022043008,58
9,citation,0.0021836902,58
9,supplementaltable,0.0021808667,58
9,departmentofpediatric,0.0021710023,58
9,functionalconnectivity,0.002159431,58
9,theabcddatarepositorygrowsandchangesovertime,0.0021545063,58
9,somaticcomplaint,0.0021328733,58
9,wefound,0.0020936895,58
9,next,0.0020875877,58
9,analyticreview,0.002074822,58
9,behavioralproblem,0.0020638374,58
9,researcharticle,0.0020459406,58
10,subcortical,0.020132216,88
10,frontal,0.019587437,88
10,gyrus,0.017901214,88
10,fmri,0.017867913,88
10,default,0.013398663,88
10,dmn,0.01336275,88
10,rsfc,0.013306416,88
10,parietal,0.0122820595,88
10,activation,0.010664717,88
10,left,0.01017958,88
10,cingulate,0.0098566,88
10,face,0.00977869,88
10,superior,0.009664826,88
10,surface,0.009433525,88
10,visual,0.009271442,88
10,inferior,0.009088594,88
10,prefrontal,0.008796674,88
10,anterior,0.008572012,88
10,motor,0.007997667,88
10,ventral,0.0073633245,88
10,salience,0.0072410493,88
10,dorsal,0.0065746047,88
10,concussion,0.006118167,88
10,motion,0.006074718,88
10,posterior,0.006004529,88
10,circuit,0.00596851,88
10,gray,0.005852238,88
10,roi,0.0057291784,88
10,sensorimotor,0.0056577013,88
10,frontoparietal,0.0056482432,88
10,stimulus,0.005522035,88
10,alteration,0.0051234565,88
10,medial,0.0050251717,88
10,fpn,0.004974532,88
10,lateral,0.004749254,88
10,executive,0.0046933554,88
10,maturation,0.0046774736,88
10,bilateral,0.004432278,88
10,occipital,0.0043348516,88
10,pfc,0.0042711333,88
10,thalamus,0.004162434,88
10,sensory,0.004145243,88
10,precentral,0.004066939,88
10,implicate,0.003944221,88
10,hand,0.0038552224,88
10,magnetic,0.0038548382,88
10,hemisphere,0.0037215196,88
10,cogn,0.0036733993,88
10,seed,0.00363122,88
10,cerebral,0.003625269,88
10,alter,0.003572659,88
10,resonance,0.0034013048,88
10,limbic,0.00338869,88
10,central,0.003326554,88
10,signal,0.0032779088,88
10,precuneus,0.0032727513,88
10,head,0.0032178662,88
10,lobe,0.0031401732,88
10,cerebellum,0.0031183173,88
10,fusiform,0.0030906152,88
10,emotion,0.0030813222,88
10,auditory,0.0030092245,88
10,exhibit,0.0029707963,88
10,caudate,0.002918233,88
10,place,0.0028881468,88
10,rsfmri,0.002836653,88
10,sulcus,0.0028302167,88
10,insula,0.002774255,88
10,orbitofrontal,0.0027565113,88
10,signature,0.002725962,88
10,integration,0.0025098035,88
10,fair,0.0024880436,88
10,resting,0.0024210666,88
10,hub,0.0024146012,88
10,segregation,0.0023864196,88
10,abnormality,0.0023731,88
10,beta,0.0023633381,88
10,neurobiological,0.002336911,88
10,supramarginal,0.002334237,88
10,basal,0.0023309493,88
10,proc,0.0022815126,88
10,action,0.0022654082,88
10,regulation,0.002253218,88
10,amygdala,0.0022100357,88
10,circuitry,0.0022076615,88
10,neurosci,0.002206341,88
10,coordinate,0.002150811,88
10,recognition,0.0021476767,88
10,opercular,0.0021273952,88
10,goal,0.002106689,88
10,casey,0.0021062458,88
10,pole,0.0020885945,88
10,grey,0.0020760244,88
10,freesurfer,0.0020629456,88
10,nectivity,0.0020088006,88
10,overlap,0.002005416,88
10,movement,0.0019912426,88
10,attentional,0.0019909607,88
10,shift,0.0019227315,88
10,fdr,0.0018930811,88
11,pain,0.10395735,39
11,ple,0.09693808,39
11,psychosis,0.06446732,39
11,psychotic,0.062265422,39
11,sport,0.05176512,39
11,distress,0.023961209,39
11,prodromal,0.017115258,39
11,chronic,0.016854048,39
11,schizophrenia,0.014699447,39
11,distressing,0.013062076,39
11,somatic,0.007556269,39
11,exercise,0.0069999043,39
11,mild,0.0066073746,39
11,stimulant,0.0064245793,39
11,spectrum,0.0064013717,39
11,impairment,0.0060610846,39
11,severe,0.005266526,39
11,endorsement,0.004636146,39
11,presence,0.004420113,39
11,motor,0.004413123,39
11,head,0.004357457,39
11,transient,0.004209042,39
11,patient,0.003880336,39
11,vulnerability,0.0037915246,39
11,episode,0.0037465165,39
11,none,0.0037061942,39
11,medication,0.0035897563,39
11,thought,0.0035694987,39
11,involvement,0.0034996434,39
11,event,0.0033738327,39
11,abnormality,0.0032160361,39
11,athlete,0.003198552,39
11,illness,0.0031645233,39
11,delay,0.00313772,39
11,neck,0.0031344425,39
11,karcher,0.0030041432,39
11,perceptual,0.0029921485,39
11,mittal,0.002708444,39
11,odd,0.0027050478,39
11,sign,0.0026859904,39
11,stim,0.0026554733,39
11,think,0.0026373824,39
11,incidence,0.002619036,39
11,people,0.0025840309,39
11,acute,0.00258199,39
11,later,0.00249117,39
11,content,0.0023451876,39
11,affective,0.0023085321,39
11,classify,0.0022596617,39
11,checklist,0.0022407584,39
11,screening,0.0022087127,39
11,injury,0.0021925329,39
11,transition,0.0021794704,39
11,definition,0.0021255892,39
11,intensity,0.0021206369,39
11,interview,0.002079718,39
11,depressive,0.002020592,39
11,savill,0.0020128018,39
11,complaint,0.0020085191,39
11,multinomial,0.0020037936,39
11,persist,0.0019929593,39
11,psy,0.0019922396,39
11,caspi,0.001985261,39
11,occurrence,0.0019689042,39
11,headache,0.0019552696,39
11,comorbidity,0.00193146,39
11,lifetime,0.0019215879,39
11,med,0.0019197738,39
11,ask,0.0019019138,39
11,psychomotor,0.0018984951,39
11,fitness,0.0018949264,39
11,subclinical,0.0018795948,39
11,sustain,0.0018743693,39
11,distinguish,0.0018683759,39
11,recurrent,0.0018581606,39
11,abdominal,0.0018364338,39
11,marker,0.0018267655,39
11,sad,0.0018162762,39
11,psychoticlike,0.0017998191,39
11,logistic,0.0017661842,39
11,benefit,0.001765091,39
11,antipsychotic,0.0017615036,39
11,mediate,0.0017452395,39
11,proneness,0.0017141326,39
11,disability,0.0016906721,39
11,adverse,0.0016893771,39
11,psychiatr,0.0016863637,39
11,milestone,0.0016850856,39
11,exploratory,0.0016789483,39
11,bull,0.0016644377,39
11,log,0.0016542661,39
11,idea,0.0016183675,39
11,worsen,0.0016105168,39
11,reserve,0.0015593102,39
11,progression,0.0015488731,39
11,interim,0.0015218509,39
11,disturbance,0.0015149978,39
11,moffitt,0.001503502,39
11,specificity,0.001474157,39
11,strengthen,0.0014739486,39
12,eat,0.12491565,35
12,ace,0.08984473,35
12,binge,0.05137941,35
12,chronotype,0.031170076,35
12,adverse,0.022438107,35
12,blood,0.016348487,35
12,abuse,0.014071367,35
12,food,0.013150072,35
12,pressure,0.009160407,35
12,odd,0.008078553,35
12,eating,0.0070165903,35
12,sexual,0.00612532,35
12,nagata,0.005629334,35
12,neglect,0.005359087,35
12,logistic,0.004730395,35
12,disord,0.004652068,35
12,cardiovascular,0.0046496186,35
12,schedule,0.0044393297,35
12,insecurity,0.00441761,35
12,woman,0.004354981,35
12,sociodemographic,0.004279136,35
12,dsm,0.004257922,35
12,diagnose,0.0041655903,35
12,illness,0.0040912777,35
12,hypertension,0.004082101,35
12,event,0.0036927059,35
12,approval,0.0036319967,35
12,presence,0.0036291212,35
12,diagnostic,0.0034565679,35
12,obesity,0.0034441936,35
12,percentile,0.0034056022,35
12,energy,0.0032969872,35
12,propensity,0.0032217347,35
12,affective,0.003149432,35
12,irb,0.0031034572,35
12,expose,0.0030850489,35
12,draft,0.0030535567,35
12,international,0.0029759503,35
12,medical,0.0029758,35
12,incident,0.0029586474,35
12,separation,0.0028549614,35
12,cumulative,0.0028353503,35
12,schizophrenia,0.0028135704,35
12,eveningness,0.002808353,35
12,lifetime,0.0027493369,35
12,funder,0.002733288,35
12,prevention,0.002723592,35
12,excess,0.00272323,35
12,kiddie,0.0026747864,35
12,behaviour,0.00266703,35
12,screen,0.0026133435,35
12,representative,0.002576516,35
12,caregiver,0.0025575347,35
12,episode,0.0025460299,35
12,cite,0.002532077,35
12,dose,0.0025286975,35
12,distress,0.0025278872,35
12,screening,0.0025085255,35
12,computerized,0.0024623107,35
12,divorce,0.0023897407,35
12,trauma,0.0023319046,35
12,college,0.002330423,35
12,diastolic,0.0022945162,35
12,interview,0.0022818695,35
12,subsequent,0.002267011,35
12,yanovski,0.0022533848,35
12,dysfunction,0.002242305,35
12,gain,0.0021925499,35
12,pathology,0.0021759144,35
12,kraff,0.0021065006,35
12,implausible,0.0020989613,35
12,american,0.0020821225,35
12,formal,0.0019623423,35
12,objective,0.0019325678,35
12,compensatory,0.0019130248,35
12,clinician,0.001892433,35
12,tanofsky,0.0018720973,35
12,assent,0.0018385678,35
12,concern,0.0018173539,35
12,fear,0.001814642,35
12,absence,0.0017905985,35
12,underreporte,0.0017776815,35
12,traumatic,0.0017500618,35
12,appetite,0.0017323563,35
12,sad,0.0017043967,35
12,curation,0.001681941,35
12,categorize,0.0016818205,35
12,comorbiditie,0.0016805285,35
12,validate,0.0016739494,35
12,munich,0.0016627039,35
12,violence,0.0016532955,35
12,declaration,0.0016511994,35
12,med,0.0016462952,35
12,maintenance,0.0016416927,35
12,compete,0.0016265283,35
12,worth,0.0016254098,35
12,murray,0.0016186103,35
12,systolic,0.0016167107,35
12,townsend,0.0016091836,35
12,leisure,0.0016051868,35
13,adhd,0.058945525,164
13,externalize,0.027358182,164
13,hyperactivity,0.011985904,164
13,dimension,0.0110569615,164
13,thickness,0.010657755,164
13,autism,0.008718949,164
13,diagnostic,0.007181081,164
13,depressed,0.00641754,164
13,subtype,0.005413363,164
13,medication,0.005151152,164
13,dsm,0.0051504034,164
13,checklist,0.0048681954,164
13,neurodevelopmental,0.0046688155,164
13,gray,0.004190487,164
13,comorbidity,0.0040365052,164
13,compulsive,0.0039717234,164
13,mood,0.003931726,164
13,spectrum,0.0038143508,164
13,syndrome,0.0038031023,164
13,obsessive,0.0036197894,164
13,severe,0.003483577,164
13,anxious,0.003204936,164
13,diagnose,0.0031882194,164
13,ocd,0.0030616312,164
13,withdraw,0.0029993677,164
13,externalizing,0.0029645327,164
13,symptomatology,0.0028719755,164
13,somatic,0.002859131,164
13,bipolar,0.0027770502,164
13,comorbid,0.002755641,164
13,tom,0.0027371733,164
13,dysregulation,0.0027371289,164
13,surface,0.0027237602,164
13,aggressive,0.0025761502,164
13,generation,0.0025279261,164
13,depressive,0.0025200977,164
13,inattention,0.0023854533,164
13,oppositional,0.0023766803,164
13,impairment,0.0022745833,164
13,alteration,0.0022651558,164
13,defiant,0.0021953597,164
13,neurobiological,0.0021696577,164
13,exhibit,0.0021579564,164
13,replication,0.0021309247,164
13,impulsivity,0.0021233594,164
13,illness,0.0021114051,164
13,think,0.0021109164,164
13,autistic,0.0021018223,164
13,specificity,0.0020233574,164
13,schizophrenia,0.0020141818,164
13,break,0.0020057312,164
13,manual,0.0019928184,164
13,affective,0.0019905441,164
13,hierarchical,0.001972102,164
13,dysfunction,0.0019707722,164
13,thought,0.0019522986,164
13,covariation,0.001949237,164
13,abnormality,0.00192696,164
13,heterogeneity,0.0019190283,164
13,pathology,0.001918843,164
13,fdr,0.0019083869,164
13,subcortical,0.0018944135,164
13,symp,0.0018755238,164
13,rule,0.0018742001,164
13,exploratory,0.0018261421,164
13,ize,0.0018015577,164
13,disruptive,0.0018009883,164
13,sad,0.0017727412,164
13,abnormal,0.0017628287,164
13,centrality,0.001691192,164
13,false,0.0016285023,164
13,methodology,0.0016172141,164
13,reduction,0.0016027045,164
13,confound,0.0015996855,164
13,icv,0.0015726598,164
13,psychopathological,0.0015695689,164
13,rev,0.001563066,164
13,categorical,0.0015553355,164
13,patient,0.0015488942,164
13,marker,0.0015203744,164
13,psycho,0.0015007934,164
13,complaint,0.0014887068,164
13,stimulant,0.0014673185,164
13,asd,0.0014663369,164
13,abnorm,0.0014645281,164
13,morphology,0.0014328422,164
13,psy,0.0014281841,164
13,caspi,0.001413574,164
13,continuous,0.0014127912,164
13,generalize,0.0013481721,164
13,internalizing,0.0013254607,164
13,scr,0.0013242308,164
13,pathway,0.001313356,164
13,sig,0.0012935624,164
13,ogy,0.0012902988,164
13,boy,0.0012850804,164
13,panel,0.0012809309,164
13,schedule,0.0012794721,164
13,interview,0.0012714182,164
13,rating,0.0012662009,164
14,diffusion,0.05693113,18
14,motion,0.045723055,18
14,tract,0.044662427,18
14,signal,0.027967332,18
14,dmri,0.023128768,18
14,fmri,0.023020916,18
14,fiber,0.018382458,18
14,head,0.018025247,18
14,microstructure,0.01786947,18
14,tissue,0.017533738,18
14,density,0.012936014,18
14,tensor,0.012222865,18
14,dti,0.011340013,18
14,gray,0.00925466,18
14,anisotropy,0.008940483,18
14,microstructural,0.008908645,18
14,isotropic,0.008896052,18
14,cca,0.008831141,18
14,multimodal,0.008480345,18
14,diffusivity,0.008247762,18
14,fractional,0.008169109,18
14,orientation,0.0076521235,18
14,fasciculus,0.007611426,18
14,left,0.007244367,18
14,magnetic,0.0063141254,18
14,anatomical,0.0062709213,18
14,fraction,0.006131499,18
14,rsi,0.0060264743,18
14,integrity,0.0057223886,18
14,resonance,0.0055582626,18
14,surface,0.0053275274,18
14,cerebral,0.0047861733,18
14,normalize,0.004774675,18
14,water,0.0047675427,18
14,restrict,0.004600107,18
14,roi,0.0042769574,18
14,harmonization,0.0042531095,18
14,cell,0.0039805826,18
14,intensity,0.0039252224,18
14,myelination,0.0038741631,18
14,superior,0.003859234,18
14,pass,0.0037485773,18
14,cingulum,0.0037179133,18
14,radial,0.0037114257,18
14,neurite,0.0036266155,18
14,freesurfer,0.00361395,18
14,bag,0.0036000342,18
14,register,0.003557408,18
14,hierarchy,0.0035019284,18
14,vivo,0.0034962548,18
14,intracellular,0.003464456,18
14,callosum,0.0034213634,18
14,spherical,0.0033900032,18
14,glasser,0.0032259235,18
14,uncinate,0.0031253467,18
14,simultaneous,0.003081051,18
14,automate,0.0030563162,18
14,epi,0.0030399524,18
14,fusion,0.0029421581,18
14,rsfmri,0.002885127,18
14,censor,0.0028733343,18
14,axonal,0.0028565035,18
14,icc,0.002829676,18
14,sequence,0.0027706074,18
14,bundle,0.0027651065,18
14,axial,0.0027553488,18
14,reconstruction,0.002743803,18
14,inferior,0.0027377892,18
14,cellular,0.0027269968,18
14,spectrum,0.0026379223,18
14,hagler,0.0026313337,18
14,blood,0.0025810099,18
14,magnitude,0.0025771747,18
14,subcortical,0.0025754783,18
14,partial,0.0025701898,18
14,scrub,0.0025310258,18
14,reson,0.0024685015,18
14,multiband,0.0024671329,18
14,respiratory,0.0024547908,18
14,probabilistic,0.0024177185,18
14,directional,0.0024142948,18
14,alignment,0.0023549164,18
14,harmonize,0.0023367456,18
14,projection,0.0022752332,18
14,phase,0.002268172,18
14,acceleration,0.002232923,18
14,dice,0.0022132606,18
14,exclusion,0.0021952053,18
14,quantitative,0.002182013,18
14,manufacturer,0.0021581692,18
14,myelin,0.0021575347,18
14,fnin,0.0021456827,18
14,hinder,0.0020954164,18
14,denoise,0.002025107,18
14,spectral,0.0020043424,18
14,cov,0.0019929893,18
14,restriction,0.0019896566,18
14,asymmetry,0.0019740332,18
14,neuronal,0.0019539348,18
14,hemisphere,0.0019403328,18
15,suicide,0.09175586,28
15,suicidal,0.07630958,28
15,attempt,0.045280587,28
15,ideation,0.041438837,28
15,injury,0.040929887,28
15,lifetime,0.035586324,28
15,trauma,0.035319284,28
15,suicidality,0.03129455,28
15,traumatic,0.030507253,28
15,thought,0.030454354,28
15,caregiver,0.02080739,28
15,preadolescent,0.0142591195,28
15,ptsd,0.013848502,28
15,behaviour,0.0114276195,28
15,odd,0.011279958,28
15,mdd,0.010703804,28
15,death,0.009891341,28
15,exposome,0.007945802,28
15,affective,0.007928756,28
15,active,0.0074318736,28
15,sad,0.007304546,28
15,concern,0.006895959,28
15,informant,0.006891188,28
15,depressive,0.0066386946,28
15,prevention,0.0062740864,28
15,transition,0.0060988353,28
15,idea,0.0060602278,28
15,event,0.006046066,28
15,logistic,0.005545404,28
15,injurious,0.0054949573,28
15,schedule,0.005364839,28
15,dsm,0.0051136864,28
15,schizophrenia,0.0043692035,28
15,harm,0.0041532125,28
15,passive,0.0040594772,28
15,diagnostic,0.004011963,28
15,maltreatment,0.0039860695,28
15,agreement,0.0037774995,28
15,protective,0.0037611537,28
15,kiddie,0.0037387188,28
15,binary,0.0036944286,28
15,interview,0.0035681094,28
15,emergency,0.0033348966,28
15,computerized,0.0029176138,28
15,adolesc,0.0028504268,28
15,discrepancy,0.00275743,28
15,sit,0.0027488521,28
15,suicideattempt,0.0026833303,28
15,reporter,0.0026323786,28
15,depressed,0.0025928442,28
15,stressor,0.0024872567,28
15,mood,0.0024735008,28
15,sociodemographic,0.0023719084,28
15,nonsuicidal,0.0022882535,28
15,act,0.002247192,28
15,people,0.0022398923,28
15,psychosocial,0.0022346121,28
15,intent,0.0022331118,28
15,severe,0.0022330508,28
15,plan,0.0021367758,28
15,brent,0.002126786,28
15,suicidalideation,0.0020987461,28
15,clinician,0.0020330087,28
15,identification,0.0019608573,28
15,threaten,0.0018863231,28
15,effort,0.0018126862,28
15,comorbidity,0.0017956356,28
15,elevate,0.001775016,28
15,barzilay,0.001773217,28
15,impulsivity,0.0017372275,28
15,endorsement,0.0017353083,28
15,die,0.0016931844,28
15,hospitalization,0.0016788492,28
15,causal,0.0016723892,28
15,abuse,0.0016525589,28
15,adversity,0.0016510976,28
15,incidence,0.0016354964,28
15,checklist,0.0016055661,28
15,burden,0.0016041773,28
15,retrospective,0.0015887079,28
15,psychiatr,0.001584908,28
15,preadolescence,0.0015463005,28
15,inpatient,0.0015385908,28
15,care,0.0015225791,28
15,nock,0.0015181632,28
15,percentage,0.0015156032,28
15,externalize,0.0014568961,28
15,pediatr,0.0014162934,28
15,sib,0.0014115098,28
15,web,0.0014022351,28
15,manual,0.0013834467,28
15,equivalent,0.001382094,28
15,majority,0.0013729216,28
15,consist,0.0013650127,28
15,reporting,0.001354817,28
15,behavioural,0.0013433364,28
15,wideassociationstudy,0.0013340983,28
15,penn,0.0013319732,28
15,transmission,0.0012867672,28
15,subsequent,0.0012867516,28
16,profile,0.030686872,54
16,intelligence,0.028846541,54
16,trait,0.026626281,54
16,executive,0.022389544,54
16,latent,0.021304782,54
16,fluid,0.015850294,54
16,neurocognitive,0.015704894,54
16,composite,0.014041202,54
16,class,0.013828133,54
16,read,0.010449523,54
16,speed,0.008848484,54
16,reading,0.008794742,54
16,skill,0.008372933,54
16,battery,0.007937366,54
16,sort,0.007870629,54
16,flanker,0.007561954,54
16,language,0.0074442877,54
16,crystallized,0.0073638284,54
16,personality,0.006184665,54
16,vocabulary,0.006063255,54
16,flexibility,0.005928828,54
16,informant,0.0057257893,54
16,externalize,0.00551561,54
16,inhibition,0.005497356,54
16,callous,0.0054059587,54
16,functioning,0.0053197644,54
16,academic,0.0052030953,54
16,inhibitory,0.0051653013,54
16,dimension,0.0050507793,54
16,trial,0.0049050003,54
16,crystallize,0.004824888,54
16,unemotional,0.004777396,54
16,difficulty,0.004774182,54
16,recognition,0.004631675,54
16,reasoning,0.0044860253,54
16,neurocognition,0.0044842465,54
16,word,0.004071317,54
16,episodic,0.0038972567,54
16,load,0.0038007789,54
16,oral,0.003756316,54
16,verbal,0.0036749423,54
16,goal,0.0036374459,54
16,card,0.003609275,54
16,achievement,0.0032348398,54
16,working,0.0031698807,54
16,stimulus,0.0031192817,54
16,cfi,0.0030664497,54
16,twin,0.0028754466,54
16,educational,0.0028552916,54
16,sequence,0.0027495548,54
16,little,0.002744821,54
16,person,0.002741292,54
16,toolbox,0.0027284946,54
16,neuropsychological,0.0027095915,54
16,lpa,0.0027070856,54
16,antisocial,0.0025927057,54
16,hierarchical,0.0025340782,54
16,residual,0.0025280383,54
16,stroop,0.002507182,54
16,equal,0.0023660376,54
16,confirmatory,0.0023483161,54
16,grade,0.0023438397,54
16,capacity,0.0023395873,54
16,display,0.0023266126,54
16,friedman,0.00230884,54
16,shift,0.0023033083,54
16,attentional,0.0022243217,54
16,equivalence,0.0022129372,54
16,impairment,0.0021948058,54
16,congruent,0.0021795037,54
16,exhibit,0.0021660135,54
16,interference,0.0021507703,54
16,think,0.0021363536,54
16,aspect,0.00203861,54
16,face,0.0020105948,54
16,instrument,0.0019957714,54
16,regulation,0.0019943463,54
16,man,0.0019562033,54
16,psychometric,0.0019126906,54
16,bad,0.0018969278,54
16,soc,0.0018706761,54
16,tend,0.0018592232,54
16,advantage,0.001834633,54
16,engage,0.0018273166,54
16,effortful,0.0018239495,54
16,society,0.0018195623,54
16,researcher,0.001808172,54
16,rating,0.0017884183,54
16,administer,0.0017864266,54
16,fact,0.0016997455,54
16,conventional,0.001664551,54
16,exploratory,0.0016450878,54
16,reason,0.0016409195,54
16,abnormal,0.0016209797,54
16,meaningful,0.0016077087,54
16,reaction,0.0016018511,54
16,interpret,0.0015948826,54
16,visual,0.0015791404,54
16,update,0.0015611101,54
16,scientific,0.0015556224,54
17,sleep,0.3433211,47
17,duration,0.071448274,47
17,disturbance,0.040369213,47
17,caffeine,0.019042546,47
17,academic,0.015156851,47
17,fitbit,0.014641702,47
17,insomnia,0.013235412,47
17,short,0.011288557,47
17,wake,0.010620379,47
17,advance,0.010488591,47
17,bedtime,0.009455452,47
17,intake,0.008023586,47
17,insufficient,0.007393977,47
17,circadian,0.006450896,47
17,weekday,0.006120239,47
17,objective,0.0058758617,47
17,wearable,0.005849078,47
17,excessive,0.0048886496,47
17,rhythm,0.004698404,47
17,fall,0.0045067347,47
17,movement,0.0045022853,47
17,asleep,0.0044636927,47
17,tbi,0.004416161,47
17,lag,0.0042036674,47
17,maintain,0.0040499405,47
17,dim,0.0038871663,47
17,difficulty,0.003857523,47
17,latency,0.0037807869,47
17,heart,0.003415107,47
17,initiate,0.0033474287,47
17,light,0.0032426647,47
17,deprivation,0.003170586,47
17,evening,0.0030220784,47
17,standardize,0.0028127888,47
17,disrupt,0.0028107327,47
17,caregiver,0.0028096687,47
17,efficiency,0.0027728365,47
17,subjective,0.002769004,47
17,agreement,0.0027252687,47
17,delay,0.0026581741,47
17,grade,0.0026208593,47
17,cycle,0.0026034021,47
17,weekly,0.0025565966,47
17,bidirectional,0.0023520614,47
17,promote,0.002342824,47
17,phase,0.0023159182,47
17,charge,0.0023115738,47
17,wear,0.0022908973,47
17,later,0.002270823,47
17,free,0.002163744,47
17,mediate,0.0021362677,47
17,energy,0.0021120517,47
17,sleepdisturbance,0.0021046542,47
17,sensor,0.0020829511,47
17,daytime,0.0020274662,47
17,breathing,0.0020259458,47
17,recommend,0.0019748067,47
17,topological,0.00194638,47
17,exhibit,0.0019111942,47
17,consumption,0.0018532433,47
17,mood,0.0018235879,47
17,sleepiness,0.0018196731,47
17,preference,0.001756745,47
17,screen,0.0017436575,47
17,discrepancy,0.0017431985,47
17,timing,0.0017175805,47
17,asthma,0.0016872743,47
17,cutoff,0.0016712192,47
17,start,0.0016324149,47
17,rev,0.0016006464,47
17,maximum,0.0015898534,47
17,wakefulness,0.0015880095,47
17,align,0.0015856313,47
17,schedule,0.0015834948,47
17,underscore,0.0015803798,47
17,standardized,0.0015396568,47
17,statement,0.0015342535,47
17,bance,0.0015316644,47
17,record,0.0015248945,47
17,adequate,0.0014878969,47
17,lescent,0.001487495,47
17,adolesc,0.0014848952,47
17,stay,0.0014722853,47
17,shift,0.0014316192,47
17,instrument,0.0014263771,47
17,goldstone,0.0014035181,47
17,median,0.0013795717,47
17,sufficient,0.00137787,47
17,bmi,0.0013745376,47
17,foundation,0.0013735691,47
17,routine,0.0013707606,47
17,accelerometer,0.001369059,47
17,get,0.0013688267,47
17,habit,0.0013684448,47
17,physiological,0.00134233,47
17,disruption,0.0013314679,47
17,attack,0.0013074096,47
17,distur,0.0013017796,47
17,exacerbate,0.0012621303,47
17,turbance,0.0012598587,47
18,gene,0.04143814,96
18,prs,0.029175185,96
18,genome,0.023242464,96
18,twin,0.021049943,96
18,trait,0.019962141,96
18,polygenic,0.019713107,96
18,variant,0.01732194,96
18,heritability,0.016933277,96
18,ancestry,0.013748897,96
18,gwa,0.013133773,96
18,pgs,0.012802059,96
18,snps,0.011923914,96
18,cell,0.010997066,96
18,genotype,0.0102615245,96
18,loci,0.010257274,96
18,expression,0.009349638,96
18,european,0.0072961836,96
18,causal,0.006869048,96
18,genomic,0.0066905944,96
18,surface,0.0058511193,96
18,thickness,0.0057818554,96
18,overlap,0.0057643224,96
18,prss,0.0057373554,96
18,phenotypic,0.0054818853,96
18,principal,0.0052487263,96
18,enrichment,0.0052166525,96
18,gwas,0.0050652786,96
18,alzheimer,0.0045513045,96
18,pathway,0.0045394446,96
18,imputation,0.0042776763,96
18,mdd,0.004177119,96
18,maltreatment,0.00397478,96
18,shape,0.003958462,96
18,panel,0.0038898974,96
18,attainment,0.0036427444,96
18,allele,0.0035843642,96
18,tissue,0.0035349133,96
18,educational,0.0035082342,96
18,carrier,0.003486091,96
18,protein,0.003454281,96
18,relatedness,0.0034367768,96
18,morphology,0.003382869,96
18,liability,0.0033423565,96
18,schizophrenia,0.003339317,96
18,subcortical,0.003303427,96
18,imagen,0.0032350826,96
18,magma,0.0030738013,96
18,heritable,0.0030675917,96
18,bonferroni,0.0030634925,96
18,molecular,0.0030474814,96
18,neurodevelopmental,0.002987912,96
18,autism,0.0029069255,96
18,additive,0.0027127096,96
18,gwass,0.0026525394,96
18,ldsc,0.0026016806,96
18,eur,0.0025981476,96
18,enrich,0.0025736748,96
18,polymorphism,0.002543723,96
18,snp,0.002528013,96
18,mendelian,0.002423689,96
18,behaviour,0.0024072628,96
18,implicate,0.0023884827,96
18,log,0.002369955,96
18,locus,0.0023557814,96
18,unrelated,0.0023551239,96
18,phase,0.002239497,96
18,bipolar,0.0022009227,96
18,beta,0.0021386081,96
18,nat,0.0021147272,96
18,biobank,0.0020947873,96
18,height,0.0020043238,96
18,novel,0.0019819704,96
18,biology,0.0019575148,96
18,univariate,0.0019466016,96
18,fdr,0.0019459395,96
18,internalise,0.0019112274,96
18,linkage,0.0019027048,96
18,morphometric,0.0018690908,96
18,cerebral,0.001791077,96
18,tool,0.0017882533,96
18,synaptic,0.0017856829,96
18,chromosome,0.0017495044,96
18,neuropsychiatric,0.0017477754,96
18,signal,0.0017371611,96
18,central,0.0017263012,96
18,randomization,0.0017252752,96
18,neuron,0.0016883292,96
18,genet,0.0016736742,96
18,stratification,0.0016625875,96
18,generation,0.0016436673,96
18,spectrum,0.001616963,96
18,program,0.0016127167,96
18,intracranial,0.0016059383,96
18,disequilibrium,0.0016029972,96
18,array,0.001601839,96
18,confound,0.0015905047,96
18,candidate,0.0015745322,96
18,regulate,0.0015715475,96
18,impute,0.001557501,96
18,plink,0.0015574236,96
19,reward,0.12237047,32
19,activation,0.047596015,32
19,delay,0.045768216,32
19,discount,0.025534097,32
19,anticipation,0.022572782,32
19,striatum,0.0176812,32
19,trial,0.014696089,32
19,striatal,0.014119791,32
19,accumben,0.013475114,32
19,caudate,0.013445351,32
19,monetary,0.011676122,32
19,incentive,0.011184288,32
19,fmri,0.010641057,32
19,inhibition,0.009107069,32
19,motivation,0.009102132,32
19,dlpfc,0.008242294,32
19,feedback,0.008061966,32
19,bis,0.008045214,32
19,ventral,0.007923184,32
19,cue,0.0076213903,32
19,receipt,0.0075049805,32
19,punishment,0.0072521055,32
19,ofc,0.0068325475,32
19,inhibitory,0.006410568,32
19,pallidum,0.00588488,32
19,nucleus,0.005383004,32
19,win,0.0051772236,32
19,motivational,0.0045237476,32
19,beta,0.004510704,32
19,dopamine,0.0044367015,32
19,roi,0.0044298386,32
19,prefrontal,0.004255627,32
19,marker,0.0042137746,32
19,impulsivity,0.0042071627,32
19,money,0.0040861354,32
19,phase,0.0040363255,32
19,bilateral,0.003994929,32
19,heighten,0.0039742202,32
19,neurobiological,0.003911684,32
19,responsiveness,0.0037364536,32
19,addiction,0.0037007495,32
19,signal,0.0036959888,32
19,soda,0.0036934626,32
19,seek,0.0036428312,32
19,respond,0.0036320782,32
19,left,0.0036308765,32
19,vmpfc,0.0035637314,32
19,stimulus,0.0032739688,32
19,medial,0.0032409916,32
19,affective,0.003209794,32
19,preadolescent,0.003201382,32
19,casey,0.0031906962,32
19,magnitude,0.0031542114,32
19,density,0.0030363686,32
19,lose,0.0030181597,32
19,insula,0.002930061,32
19,psychopharmacology,0.0028195737,32
19,circuitry,0.0027999873,32
19,lateral,0.002689536,32
19,recruitment,0.0026435792,32
19,valence,0.0026427282,32
19,sensitive,0.0026239734,32
19,tendency,0.0026055796,32
19,dorsal,0.0025956675,32
19,susceptibility,0.0025708897,32
19,nac,0.0025658002,32
19,motion,0.0024799877,32
19,reinforcement,0.0024651675,32
19,responsivity,0.0024507877,32
19,probe,0.0024038458,32
19,proof,0.002399237,32
19,blunt,0.00232949,32
19,differential,0.0022788672,32
19,vulnerability,0.0022455577,32
19,nacc,0.0022171556,32
19,psychostimulant,0.00220108,32
19,trait,0.0021751,32
19,inclusion,0.0020787132,32
19,reaction,0.0020382388,32
19,anterior,0.001982574,32
19,stage,0.0019326117,32
19,immediate,0.0019321492,32
19,reactivity,0.0018815186,32
19,amygdala,0.0018592495,32
19,exploratory,0.001852201,32
19,pubertal,0.0018190121,32
19,gain,0.0018098614,32
19,avoidance,0.001780594,32
19,girl,0.0017703123,32
19,puberty,0.0017681993,32
19,basis,0.0017415715,32
19,hit,0.0017377856,32
19,orbitofrontal,0.0017359109,32
19,event,0.0016884581,32
19,success,0.0016821552,32
19,telzer,0.0016808535,32
19,making,0.0016392679,32
19,guyer,0.0016120931,32
19,steep,0.0016031003,32
19,priori,0.001599804,32
